{"weight": [0.2, 0.2, 0.2, 0.2, 0.23], "m": 5, "threshold": {"0": 0.756670253843474, "1": 0.8962028328803071, "2": 0.8635601732832092, "3": 0.8309845851526712, "4": 0.8564945007169094, "5": 0.8362109208488079, "6": 0.6825534168457447, "7": 0.6143043051627874, "8": 0.8888464774278494, "9": 0.6149365268528588, "10": 0.650159483049055, "11": 0.6767008031240735, "12": 0.6929992991939826, "13": 0.6884666896419386, "14": 0.7698162184345421, "15": 0.7555507709309446, "16": 0.8515368675829397, "17": 0.7579591319639377, "18": 0.9356812187305139, "19": 0.6682630278740223, "20": 0.9449768315615693, "21": 0.8544001682986331, "22": 0.9127890155774527, "23": 0.6273327289222959, "24": 0.7200528310551538, "25": 0.6157260063624349, "26": 0.603582065894771, "27": 0.6136585696247969, "28": 0.9137493784717536, "29": 0.9222666296086279, "30": 0.7762556797759599, "31": 0.8973304492761109, "32": 0.632304195406776, "33": 0.785531941571848, "34": 0.9109374832061033, "35": 0.8767097756463589, "36": 0.6302959769497612, "37": 0.7421079461992602, "38": 0.8479676772229775, "39": 0.7233589274431627, "40": 0.9470389264362331, "41": 0.7204042730647932, "42": 0.6380587172683921, "43": 0.6406348545602137, "44": 0.6998037576686515, "45": 0.7446804445953311, "46": 0.6019540055588598, "47": 0.6024707741627352}, "ag311": 0.23}